id,node,lineNumber,tags
line:b066109e,Start,58,lastline
line:af7f01ee,Start,82,lastline
line:75e841c2,Start,106,lastline
line:2d5d0e73,Arrival,24,lastline
line:b6fb5546,Arrival,53,lastline
line:da9e172f,QueueWait,88,lastline
line:7dd88064,MainHub,27,lastline
line:01b6740a,Window1,60,lastline
line:2dd77ae4,Window1,62,lastline
line:2afac203,Window1,64,lastline
line:75220cfa,Window1,68,lastline
line:6bcbd91a,Window1,77,lastline
line:39854ba1,Window1,88,lastline
line:3ea8f346,Window1,90,lastline
line:61703dbf,Window1,97,lastline
line:8a87721e,Window1,109,lastline
line:26052bf3,TalkTravelers,136,lastline
line:2dce713f,MeetGlorb,164,lastline
line:5f3008c3,MeetZyx,188,lastline
line:00e8c63a,MeetZyx,194,lastline
line:354da5d3,MeetZyx,196,lastline
line:d8470fc3,MeetHauntedOne,216,lastline
line:f426012d,MeetHauntedOne,219,lastline
line:ded4b73d,MeetSleeper,240,lastline
line:8f1393be,MeetRegulationsReader,259,lastline
line:a45f25b7,MeetRegulationsReader,266,lastline
line:d7e6e5a0,MeetRegulationsReader,268,lastline
line:8824f6c5,MeetCamper,290,lastline
line:c483b19e,MeetCamper,297,lastline
line:fb973171,VendingMachine,358,lastline
line:a4dc0edb,NoticeBoard,380,lastline
line:cfd04035,FindWindow4,427,lastline
line:2bf7bf50,FindDirector,450,lastline
line:28ad1a71,FinalSubmission,505,lastline
